3V0xu5y,Fri, 07 Jun 2019 07:41:11 GMT,color,color_2_5
3V0xu5y,Fri, 07 Jun 2019 07:41:13 GMT,color,color_1_5
3V0xu5y,Fri, 07 Jun 2019 07:41:14 GMT,color,color_0_5
3V0xu5y,Fri, 07 Jun 2019 07:41:16 GMT,color,color_3_5
3V0xu5y,Fri, 07 Jun 2019 07:41:19 GMT,color,color_2_5
3V0xu5y,Fri, 07 Jun 2019 07:41:54 GMT,color,color_2_3
3V0xu5y,Fri, 07 Jun 2019 07:41:56 GMT,color,color_1_4
3V0xu5y,Fri, 07 Jun 2019 07:41:59 GMT,color,color_1_2
3V0xu5y,Fri, 07 Jun 2019 07:42:01 GMT,color,color_0_1
3V0xu5y,Fri, 07 Jun 2019 07:42:03 GMT,color,color_2_0
3V0xu5y,Fri, 07 Jun 2019 07:42:09 GMT,color,color_1_3
3V0xu5y,Fri, 07 Jun 2019 07:42:12 GMT,color,color_1_4
3V0xu5y,Fri, 07 Jun 2019 07:42:25 GMT,color,color_0_4
3V0xu5y,Fri, 07 Jun 2019 07:42:34 GMT,color,color_1_7
3V0xu5y,Fri, 07 Jun 2019 07:42:37 GMT,color,color_2_8
3V0xu5y,Fri, 07 Jun 2019 07:42:43 GMT,color,color_1_0
3V0xu5y,Fri, 07 Jun 2019 07:42:50 GMT,color,color_0_1
3V0xu5y,Fri, 07 Jun 2019 07:42:52 GMT,color,color_0_2
3V0xu5y,Fri, 07 Jun 2019 07:43:00 GMT,color,color_0_0
