4rjCclr,Sun, 02 Jun 2019 03:54:31 GMT,color,color_0_0
4rjCclr,Sun, 02 Jun 2019 03:54:44 GMT,color,color_0_3
4rjCclr,Sun, 02 Jun 2019 03:54:49 GMT,color,color_0_6
4rjCclr,Sun, 02 Jun 2019 03:54:50 GMT,color,color_1_6
4rjCclr,Sun, 02 Jun 2019 03:54:56 GMT,color,color_3_8
4rjCclr,Sun, 02 Jun 2019 03:55:04 GMT,color,color_0_0
4rjCclr,Sun, 02 Jun 2019 03:55:05 GMT,duplicate
4rjCclr,Sun, 02 Jun 2019 03:55:13 GMT,color,color_1_0
4rjCclr,Sun, 02 Jun 2019 03:55:31 GMT,color,color_0_7
4rjCclr,Sun, 02 Jun 2019 03:56:05 GMT,color,color_0_2
4rjCclr,Sun, 02 Jun 2019 03:56:09 GMT,color,color_2_4
4rjCclr,Sun, 02 Jun 2019 03:56:10 GMT,color,color_0_3
4rjCclr,Sun, 02 Jun 2019 03:56:11 GMT,color,color_0_2
4rjCclr,Sun, 02 Jun 2019 03:56:23 GMT,color,color_1_2
4rjCclr,Sun, 02 Jun 2019 03:56:26 GMT,color,color_0_1
4rjCclr,Sun, 02 Jun 2019 03:56:32 GMT,color,color_0_8
