6C0mDjP,Sat, 25 May 2019 14:34:54 GMT,color,color_0_1
6C0mDjP,Sat, 25 May 2019 14:35:04 GMT,color,color_3_0
6C0mDjP,Sat, 25 May 2019 14:35:07 GMT,color,color_2_0
6C0mDjP,Sat, 25 May 2019 14:35:20 GMT,color,color_0_3
6C0mDjP,Sat, 25 May 2019 14:35:33 GMT,color,color_2_4
6C0mDjP,Sat, 25 May 2019 14:35:34 GMT,color,color_1_4
6C0mDjP,Sat, 25 May 2019 14:35:43 GMT,color,color_2_8
6C0mDjP,Sat, 25 May 2019 14:35:52 GMT,color,color_0_7
6C0mDjP,Sat, 25 May 2019 14:36:11 GMT,color,color_2_7
6C0mDjP,Sat, 25 May 2019 14:36:13 GMT,color,color_1_7
6C0mDjP,Sat, 25 May 2019 14:36:47 GMT,color,color_2_7
6C0mDjP,Sat, 25 May 2019 14:36:48 GMT,color,color_1_7
6C0mDjP,Sat, 25 May 2019 14:36:55 GMT,color,color_1_0
6C0mDjP,Sat, 25 May 2019 14:36:56 GMT,color,color_0_0
6C0mDjP,Sat, 25 May 2019 14:36:58 GMT,color,color_1_0
6C0mDjP,Sat, 25 May 2019 14:37:03 GMT,revision,emobuttonhappy
6C0mDjP,Sat, 25 May 2019 14:37:04 GMT,color,color_1_3
