87xeOLJ,Sat, 25 May 2019 16:19:55 GMT,color,color_1_0
87xeOLJ,Sat, 25 May 2019 16:20:10 GMT,color,color_0_7
87xeOLJ,Sat, 25 May 2019 16:20:13 GMT,color,color_1_3
87xeOLJ,Sat, 25 May 2019 16:20:21 GMT,color,color_3_8
87xeOLJ,Sat, 25 May 2019 16:20:29 GMT,color,color_1_0
87xeOLJ,Sat, 25 May 2019 16:20:30 GMT,duplicate
87xeOLJ,Sat, 25 May 2019 16:20:42 GMT,color,color_0_6
87xeOLJ,Sat, 25 May 2019 16:20:49 GMT,color,color_0_6
87xeOLJ,Sat, 25 May 2019 16:20:55 GMT,color,color_1_0
87xeOLJ,Sat, 25 May 2019 16:21:06 GMT,color,color_2_1
87xeOLJ,Sat, 25 May 2019 16:21:10 GMT,color,color_0_0
