8rqfgqJ,Tue, 28 May 2019 13:35:22 GMT,color,color_1_2
8rqfgqJ,Tue, 28 May 2019 13:35:34 GMT,color,color_1_5
8rqfgqJ,Tue, 28 May 2019 13:35:41 GMT,color,color_0_4
8rqfgqJ,Tue, 28 May 2019 13:35:51 GMT,color,color_3_8
8rqfgqJ,Tue, 28 May 2019 13:35:54 GMT,color,color_0_8
8rqfgqJ,Tue, 28 May 2019 13:36:00 GMT,color,color_2_0
8rqfgqJ,Tue, 28 May 2019 13:36:02 GMT,color,color_1_0
8rqfgqJ,Tue, 28 May 2019 13:36:05 GMT,color,color_0_0
8rqfgqJ,Tue, 28 May 2019 13:37:05 GMT,revision,emobuttonhappy
8rqfgqJ,Tue, 28 May 2019 13:37:08 GMT,color,color_1_2
8rqfgqJ,Tue, 28 May 2019 13:37:11 GMT,revision,emobuttonexcited
8rqfgqJ,Tue, 28 May 2019 13:37:12 GMT,color,color_1_5
