abBIK6T,Sun, 26 May 2019 20:05:01 GMT,color,color_0_7
abBIK6T,Sun, 26 May 2019 20:05:17 GMT,color,color_1_6
abBIK6T,Sun, 26 May 2019 20:05:29 GMT,color,color_2_4
abBIK6T,Sun, 26 May 2019 20:05:47 GMT,color,color_2_8
abBIK6T,Sun, 26 May 2019 20:06:05 GMT,color,color_0_8
abBIK6T,Sun, 26 May 2019 20:06:30 GMT,color,color_3_1
abBIK6T,Sun, 26 May 2019 20:06:33 GMT,color,color_2_1
abBIK6T,Sun, 26 May 2019 20:06:37 GMT,color,color_2_0
abBIK6T,Sun, 26 May 2019 20:06:42 GMT,color,color_1_1
abBIK6T,Sun, 26 May 2019 20:06:44 GMT,color,color_2_1
abBIK6T,Sun, 26 May 2019 20:06:45 GMT,color,color_3_1
abBIK6T,Sun, 26 May 2019 20:06:52 GMT,color,color_1_0
