HOHnO03,Thu, 30 May 2019 17:04:26 GMT,color,color_0_2
HOHnO03,Thu, 30 May 2019 17:04:28 GMT,color,color_0_1
HOHnO03,Thu, 30 May 2019 17:04:29 GMT,color,color_1_1
HOHnO03,Thu, 30 May 2019 17:04:37 GMT,color,color_1_7
HOHnO03,Thu, 30 May 2019 17:04:42 GMT,color,color_0_2
HOHnO03,Thu, 30 May 2019 17:04:46 GMT,color,color_1_5
HOHnO03,Thu, 30 May 2019 17:04:49 GMT,color,color_2_5
HOHnO03,Thu, 30 May 2019 17:04:56 GMT,color,color_2_8
HOHnO03,Thu, 30 May 2019 17:04:59 GMT,color,color_3_8
HOHnO03,Thu, 30 May 2019 17:05:00 GMT,color,color_2_8
HOHnO03,Thu, 30 May 2019 17:05:07 GMT,color,color_2_0
HOHnO03,Thu, 30 May 2019 17:05:13 GMT,color,color_2_6
HOHnO03,Thu, 30 May 2019 17:05:16 GMT,color,color_0_0
HOHnO03,Thu, 30 May 2019 17:05:17 GMT,color,color_1_0
