iCD9Qdz,Wed, 29 May 2019 01:39:14 GMT,color,color_1_3
iCD9Qdz,Wed, 29 May 2019 01:39:24 GMT,color,color_2_0
iCD9Qdz,Wed, 29 May 2019 01:39:32 GMT,color,color_1_5
iCD9Qdz,Wed, 29 May 2019 01:39:36 GMT,color,color_3_2
iCD9Qdz,Wed, 29 May 2019 01:39:39 GMT,color,color_1_8
iCD9Qdz,Wed, 29 May 2019 01:39:46 GMT,color,color_1_8
iCD9Qdz,Wed, 29 May 2019 01:39:47 GMT,duplicate
iCD9Qdz,Wed, 29 May 2019 01:39:49 GMT,duplicate
iCD9Qdz,Wed, 29 May 2019 01:39:53 GMT,duplicate
iCD9Qdz,Wed, 29 May 2019 01:40:00 GMT,color,color_2_8
iCD9Qdz,Wed, 29 May 2019 01:40:03 GMT,color,color_0_8
iCD9Qdz,Wed, 29 May 2019 01:40:09 GMT,color,color_0_6
