isSvzcJ,Thu, 30 May 2019 08:34:18 GMT,color,color_1_5
isSvzcJ,Thu, 30 May 2019 08:34:23 GMT,color,color_1_6
isSvzcJ,Thu, 30 May 2019 08:34:23 GMT,color,color_1_5
isSvzcJ,Thu, 30 May 2019 08:34:32 GMT,color,color_0_3
isSvzcJ,Thu, 30 May 2019 08:34:34 GMT,color,color_0_4
isSvzcJ,Thu, 30 May 2019 08:34:34 GMT,color,color_1_4
isSvzcJ,Thu, 30 May 2019 08:34:39 GMT,color,color_0_5
isSvzcJ,Thu, 30 May 2019 08:34:41 GMT,color,color_0_4
isSvzcJ,Thu, 30 May 2019 08:34:42 GMT,color,color_0_3
isSvzcJ,Thu, 30 May 2019 08:34:49 GMT,color,color_0_4
isSvzcJ,Thu, 30 May 2019 08:34:59 GMT,color,color_1_0
isSvzcJ,Thu, 30 May 2019 08:35:00 GMT,color,color_1_1
isSvzcJ,Thu, 30 May 2019 08:35:01 GMT,color,color_1_1
isSvzcJ,Thu, 30 May 2019 08:35:01 GMT,color,color_0_1
isSvzcJ,Thu, 30 May 2019 08:35:06 GMT,color,color_0_3
isSvzcJ,Thu, 30 May 2019 08:35:14 GMT,color,color_1_8
isSvzcJ,Thu, 30 May 2019 08:35:19 GMT,color,color_1_0
isSvzcJ,Thu, 30 May 2019 08:35:20 GMT,color,color_0_0
isSvzcJ,Thu, 30 May 2019 08:35:21 GMT,color,color_1_0
isSvzcJ,Thu, 30 May 2019 08:35:28 GMT,color,color_0_1
isSvzcJ,Thu, 30 May 2019 08:35:29 GMT,color,color_0_2
isSvzcJ,Thu, 30 May 2019 08:35:33 GMT,color,color_2_0
isSvzcJ,Thu, 30 May 2019 08:35:34 GMT,color,color_1_1
isSvzcJ,Thu, 30 May 2019 08:35:37 GMT,color,color_1_2
isSvzcJ,Thu, 30 May 2019 08:35:39 GMT,color,color_0_2
isSvzcJ,Thu, 30 May 2019 08:35:40 GMT,color,color_1_2
isSvzcJ,Thu, 30 May 2019 08:35:49 GMT,color,color_0_0
