JobBDR9,Sun, 02 Jun 2019 02:40:43 GMT,color,color_0_3
JobBDR9,Sun, 02 Jun 2019 02:40:56 GMT,color,color_0_1
JobBDR9,Sun, 02 Jun 2019 02:41:05 GMT,color,color_1_4
JobBDR9,Sun, 02 Jun 2019 02:41:13 GMT,color,color_2_8
JobBDR9,Sun, 02 Jun 2019 02:41:18 GMT,color,color_1_0
JobBDR9,Sun, 02 Jun 2019 02:41:20 GMT,color,color_0_0
JobBDR9,Sun, 02 Jun 2019 02:41:22 GMT,color,color_1_0
JobBDR9,Sun, 02 Jun 2019 02:41:23 GMT,color,color_0_0
JobBDR9,Sun, 02 Jun 2019 02:41:27 GMT,color,color_2_0
JobBDR9,Sun, 02 Jun 2019 02:41:28 GMT,color,color_2_1
JobBDR9,Sun, 02 Jun 2019 02:41:29 GMT,color,color_1_1
JobBDR9,Sun, 02 Jun 2019 02:41:30 GMT,color,color_0_1
JobBDR9,Sun, 02 Jun 2019 02:41:32 GMT,color,color_1_6
JobBDR9,Sun, 02 Jun 2019 02:41:33 GMT,color,color_1_5
JobBDR9,Sun, 02 Jun 2019 02:41:35 GMT,color,color_2_0
JobBDR9,Sun, 02 Jun 2019 02:41:36 GMT,color,color_1_0
JobBDR9,Sun, 02 Jun 2019 02:41:41 GMT,color,color_0_0
JobBDR9,Sun, 02 Jun 2019 02:41:43 GMT,duplicate
JobBDR9,Sun, 02 Jun 2019 02:41:46 GMT,color,color_1_0
JobBDR9,Sun, 02 Jun 2019 02:41:47 GMT,duplicate
JobBDR9,Sun, 02 Jun 2019 02:42:04 GMT,color,color_2_0
