mBE0Af5,Sat, 01 Jun 2019 17:24:21 GMT,color,color_1_0
mBE0Af5,Sat, 01 Jun 2019 17:25:25 GMT,color,color_0_1
mBE0Af5,Sat, 01 Jun 2019 17:25:44 GMT,color,color_0_5
mBE0Af5,Sat, 01 Jun 2019 17:25:58 GMT,color,color_3_8
mBE0Af5,Sat, 01 Jun 2019 17:26:13 GMT,color,color_1_0
mBE0Af5,Sat, 01 Jun 2019 17:26:18 GMT,duplicate
mBE0Af5,Sat, 01 Jun 2019 17:26:30 GMT,color,color_1_1
mBE0Af5,Sat, 01 Jun 2019 17:26:34 GMT,color,color_0_1
mBE0Af5,Sat, 01 Jun 2019 17:26:38 GMT,duplicate
mBE0Af5,Sat, 01 Jun 2019 17:26:41 GMT,color,color_1_1
mBE0Af5,Sat, 01 Jun 2019 17:26:48 GMT,color,color_0_7
mBE0Af5,Sat, 01 Jun 2019 17:26:52 GMT,color,color_0_0
mBE0Af5,Sat, 01 Jun 2019 17:27:32 GMT,revision,emobuttonhappy
mBE0Af5,Sat, 01 Jun 2019 17:27:36 GMT,color,color_2_5
mBE0Af5,Sat, 01 Jun 2019 17:27:39 GMT,color,color_1_5
mBE0Af5,Sat, 01 Jun 2019 17:27:51 GMT,color,color_0_5
mBE0Af5,Sat, 01 Jun 2019 17:27:58 GMT,revision,emobuttonaccept
mBE0Af5,Sat, 01 Jun 2019 17:27:59 GMT,color,color_0_3
