MPagQ9P,Mon, 27 May 2019 23:33:47 GMT,color,color_0_0
MPagQ9P,Mon, 27 May 2019 23:33:55 GMT,color,color_2_2
MPagQ9P,Mon, 27 May 2019 23:34:09 GMT,color,color_1_8
MPagQ9P,Mon, 27 May 2019 23:34:12 GMT,color,color_0_1
MPagQ9P,Mon, 27 May 2019 23:34:17 GMT,color,color_2_8
MPagQ9P,Mon, 27 May 2019 23:34:28 GMT,color,color_0_8
MPagQ9P,Mon, 27 May 2019 23:34:33 GMT,color,color_1_7
MPagQ9P,Mon, 27 May 2019 23:34:37 GMT,color,color_0_0
MPagQ9P,Mon, 27 May 2019 23:34:38 GMT,duplicate
MPagQ9P,Mon, 27 May 2019 23:34:47 GMT,color,color_3_8
MPagQ9P,Mon, 27 May 2019 23:34:51 GMT,revision,emobuttonexcited
MPagQ9P,Mon, 27 May 2019 23:34:54 GMT,color,color_0_2
MPagQ9P,Mon, 27 May 2019 23:34:57 GMT,revision,emobuttonangry
MPagQ9P,Mon, 27 May 2019 23:34:58 GMT,color,color_0_0
