MR2RdZY,Tue, 28 May 2019 17:52:06 GMT,color,color_0_7
MR2RdZY,Tue, 28 May 2019 17:52:20 GMT,color,color_1_1
MR2RdZY,Tue, 28 May 2019 17:52:27 GMT,color,color_1_8
MR2RdZY,Tue, 28 May 2019 17:52:39 GMT,color,color_3_4
MR2RdZY,Tue, 28 May 2019 17:52:43 GMT,color,color_2_4
MR2RdZY,Tue, 28 May 2019 17:52:45 GMT,color,color_3_3
MR2RdZY,Tue, 28 May 2019 17:52:47 GMT,color,color_2_4
MR2RdZY,Tue, 28 May 2019 17:52:47 GMT,color,color_0_4
MR2RdZY,Tue, 28 May 2019 17:52:48 GMT,color,color_2_4
MR2RdZY,Tue, 28 May 2019 17:52:54 GMT,color,color_1_8
MR2RdZY,Tue, 28 May 2019 17:52:56 GMT,color,color_2_8
MR2RdZY,Tue, 28 May 2019 17:53:02 GMT,color,color_0_8
MR2RdZY,Tue, 28 May 2019 17:53:17 GMT,color,color_1_6
MR2RdZY,Tue, 28 May 2019 17:53:18 GMT,color,color_2_6
MR2RdZY,Tue, 28 May 2019 17:53:22 GMT,color,color_1_0
MR2RdZY,Tue, 28 May 2019 17:53:24 GMT,color,color_0_0
