ndMHmde,Wed, 05 Jun 2019 17:53:09 GMT,color,color_1_3
ndMHmde,Wed, 05 Jun 2019 17:53:26 GMT,color,color_2_2
ndMHmde,Wed, 05 Jun 2019 17:53:28 GMT,color,color_1_1
ndMHmde,Wed, 05 Jun 2019 17:53:29 GMT,color,color_0_1
ndMHmde,Wed, 05 Jun 2019 17:53:30 GMT,color,color_2_0
ndMHmde,Wed, 05 Jun 2019 17:53:31 GMT,color,color_3_0
ndMHmde,Wed, 05 Jun 2019 17:53:32 GMT,color,color_3_1
ndMHmde,Wed, 05 Jun 2019 17:53:33 GMT,color,color_3_2
ndMHmde,Wed, 05 Jun 2019 17:53:35 GMT,color,color_3_3
ndMHmde,Wed, 05 Jun 2019 17:53:36 GMT,color,color_3_4
ndMHmde,Wed, 05 Jun 2019 17:53:37 GMT,color,color_3_5
ndMHmde,Wed, 05 Jun 2019 17:53:38 GMT,color,color_2_5
ndMHmde,Wed, 05 Jun 2019 17:53:39 GMT,color,color_1_5
ndMHmde,Wed, 05 Jun 2019 17:53:41 GMT,color,color_1_7
ndMHmde,Wed, 05 Jun 2019 17:53:42 GMT,color,color_2_7
ndMHmde,Wed, 05 Jun 2019 17:53:43 GMT,color,color_3_7
ndMHmde,Wed, 05 Jun 2019 17:53:49 GMT,color,color_3_7
ndMHmde,Wed, 05 Jun 2019 17:53:49 GMT,color,color_3_6
ndMHmde,Wed, 05 Jun 2019 17:53:50 GMT,color,color_3_5
ndMHmde,Wed, 05 Jun 2019 17:53:54 GMT,color,color_3_6
ndMHmde,Wed, 05 Jun 2019 17:53:54 GMT,color,color_3_7
ndMHmde,Wed, 05 Jun 2019 17:53:55 GMT,color,color_2_7
ndMHmde,Wed, 05 Jun 2019 17:53:56 GMT,color,color_3_7
ndMHmde,Wed, 05 Jun 2019 17:54:00 GMT,color,color_2_7
ndMHmde,Wed, 05 Jun 2019 17:54:15 GMT,color,color_0_3
ndMHmde,Wed, 05 Jun 2019 17:54:20 GMT,color,color_2_8
ndMHmde,Wed, 05 Jun 2019 17:54:28 GMT,color,color_1_0
ndMHmde,Wed, 05 Jun 2019 17:54:35 GMT,color,color_0_0
ndMHmde,Wed, 05 Jun 2019 17:54:45 GMT,color,color_1_0
ndMHmde,Wed, 05 Jun 2019 17:54:53 GMT,color,color_0_8
ndMHmde,Wed, 05 Jun 2019 17:55:11 GMT,revision,emobuttonconcerned
ndMHmde,Wed, 05 Jun 2019 17:55:12 GMT,color,color_1_1
