NNxPjHP,Sun, 26 May 2019 15:59:56 GMT,color,color_1_1
NNxPjHP,Sun, 26 May 2019 15:59:59 GMT,color,color_0_1
NNxPjHP,Sun, 26 May 2019 16:00:01 GMT,color,color_1_1
NNxPjHP,Sun, 26 May 2019 16:00:02 GMT,color,color_1_2
NNxPjHP,Sun, 26 May 2019 16:00:09 GMT,color,color_0_6
NNxPjHP,Sun, 26 May 2019 16:00:10 GMT,color,color_0_5
NNxPjHP,Sun, 26 May 2019 16:00:11 GMT,color,color_1_5
NNxPjHP,Sun, 26 May 2019 16:00:13 GMT,color,color_1_4
NNxPjHP,Sun, 26 May 2019 16:00:15 GMT,color,color_2_4
NNxPjHP,Sun, 26 May 2019 16:00:18 GMT,color,color_1_5
NNxPjHP,Sun, 26 May 2019 16:00:19 GMT,color,color_2_5
NNxPjHP,Sun, 26 May 2019 16:00:27 GMT,color,color_2_3
NNxPjHP,Sun, 26 May 2019 16:00:29 GMT,color,color_1_4
NNxPjHP,Sun, 26 May 2019 16:00:30 GMT,color,color_1_3
NNxPjHP,Sun, 26 May 2019 16:00:30 GMT,color,color_2_3
NNxPjHP,Sun, 26 May 2019 16:00:36 GMT,color,color_3_8
NNxPjHP,Sun, 26 May 2019 16:00:46 GMT,color,color_2_1
NNxPjHP,Sun, 26 May 2019 16:00:48 GMT,color,color_2_0
NNxPjHP,Sun, 26 May 2019 16:00:48 GMT,color,color_1_0
NNxPjHP,Sun, 26 May 2019 16:00:49 GMT,color,color_1_1
NNxPjHP,Sun, 26 May 2019 16:00:51 GMT,color,color_1_8
NNxPjHP,Sun, 26 May 2019 16:00:52 GMT,color,color_2_8
NNxPjHP,Sun, 26 May 2019 16:00:55 GMT,color,color_1_0
NNxPjHP,Sun, 26 May 2019 16:00:57 GMT,color,color_0_1
NNxPjHP,Sun, 26 May 2019 16:00:58 GMT,color,color_0_0
NNxPjHP,Sun, 26 May 2019 16:01:02 GMT,color,color_1_0
NNxPjHP,Sun, 26 May 2019 16:01:06 GMT,color,color_0_0
NNxPjHP,Sun, 26 May 2019 16:01:10 GMT,color,color_3_0
NNxPjHP,Sun, 26 May 2019 16:01:11 GMT,color,color_0_0
NNxPjHP,Sun, 26 May 2019 16:01:15 GMT,color,color_3_0
NNxPjHP,Sun, 26 May 2019 16:01:17 GMT,color,color_0_0
NNxPjHP,Sun, 26 May 2019 16:01:19 GMT,color,color_2_0
NNxPjHP,Sun, 26 May 2019 16:01:20 GMT,color,color_3_0
NNxPjHP,Sun, 26 May 2019 16:01:22 GMT,color,color_3_4
NNxPjHP,Sun, 26 May 2019 16:01:23 GMT,color,color_3_2
NNxPjHP,Sun, 26 May 2019 16:01:24 GMT,color,color_3_1
NNxPjHP,Sun, 26 May 2019 16:01:26 GMT,color,color_3_3
NNxPjHP,Sun, 26 May 2019 16:01:27 GMT,color,color_3_5
NNxPjHP,Sun, 26 May 2019 16:01:28 GMT,color,color_3_6
NNxPjHP,Sun, 26 May 2019 16:01:28 GMT,color,color_3_7
NNxPjHP,Sun, 26 May 2019 16:01:30 GMT,color,color_3_6
NNxPjHP,Sun, 26 May 2019 16:01:31 GMT,color,color_3_0
NNxPjHP,Sun, 26 May 2019 16:01:32 GMT,color,color_2_0
NNxPjHP,Sun, 26 May 2019 16:01:33 GMT,color,color_3_0
NNxPjHP,Sun, 26 May 2019 16:01:34 GMT,color,color_2_0
NNxPjHP,Sun, 26 May 2019 16:01:42 GMT,color,color_1_5
NNxPjHP,Sun, 26 May 2019 16:01:43 GMT,color,color_1_6
NNxPjHP,Sun, 26 May 2019 16:01:46 GMT,color,color_3_6
NNxPjHP,Sun, 26 May 2019 16:01:50 GMT,color,color_3_2
NNxPjHP,Sun, 26 May 2019 16:01:51 GMT,color,color_2_2
NNxPjHP,Sun, 26 May 2019 16:01:52 GMT,color,color_1_2
NNxPjHP,Sun, 26 May 2019 16:01:52 GMT,color,color_1_1
NNxPjHP,Sun, 26 May 2019 16:01:54 GMT,color,color_2_1
NNxPjHP,Sun, 26 May 2019 16:01:59 GMT,color,color_1_0
NNxPjHP,Sun, 26 May 2019 16:02:02 GMT,color,color_2_1
NNxPjHP,Sun, 26 May 2019 16:02:03 GMT,color,color_2_3
NNxPjHP,Sun, 26 May 2019 16:02:04 GMT,color,color_2_4
NNxPjHP,Sun, 26 May 2019 16:02:10 GMT,color,color_1_0
NNxPjHP,Sun, 26 May 2019 16:02:13 GMT,color,color_0_0
NNxPjHP,Sun, 26 May 2019 16:02:14 GMT,color,color_1_0
NNxPjHP,Sun, 26 May 2019 16:02:26 GMT,revision,emobuttonaccept
NNxPjHP,Sun, 26 May 2019 16:02:28 GMT,color,color_3_3
NNxPjHP,Sun, 26 May 2019 16:02:29 GMT,color,color_3_4
NNxPjHP,Sun, 26 May 2019 16:02:31 GMT,color,color_3_5
NNxPjHP,Sun, 26 May 2019 16:02:31 GMT,color,color_2_5
NNxPjHP,Sun, 26 May 2019 16:02:32 GMT,color,color_3_5
NNxPjHP,Sun, 26 May 2019 16:02:33 GMT,color,color_3_6
NNxPjHP,Sun, 26 May 2019 16:02:34 GMT,color,color_2_6
NNxPjHP,Sun, 26 May 2019 16:02:35 GMT,color,color_3_6
NNxPjHP,Sun, 26 May 2019 16:02:37 GMT,color,color_2_6
NNxPjHP,Sun, 26 May 2019 16:02:38 GMT,color,color_1_6
NNxPjHP,Sun, 26 May 2019 16:02:39 GMT,color,color_2_6
