OQ6CcIv,Sat, 25 May 2019 22:11:35 GMT,color,color_1_3
OQ6CcIv,Sat, 25 May 2019 22:11:43 GMT,color,color_1_2
OQ6CcIv,Sat, 25 May 2019 22:11:48 GMT,color,color_1_5
OQ6CcIv,Sat, 25 May 2019 22:11:53 GMT,color,color_2_8
OQ6CcIv,Sat, 25 May 2019 22:11:59 GMT,color,color_1_0
OQ6CcIv,Sat, 25 May 2019 22:12:06 GMT,color,color_1_0
OQ6CcIv,Sat, 25 May 2019 22:12:09 GMT,duplicate
OQ6CcIv,Sat, 25 May 2019 22:12:19 GMT,color,color_0_1
OQ6CcIv,Sat, 25 May 2019 22:12:21 GMT,color,color_0_1
OQ6CcIv,Sat, 25 May 2019 22:12:24 GMT,color,color_1_0
OQ6CcIv,Sat, 25 May 2019 22:12:36 GMT,color,color_0_0
OQ6CcIv,Sat, 25 May 2019 22:12:39 GMT,color,color_1_0
