rlOcMdH,Thu, 30 May 2019 12:49:24 GMT,color,color_1_0
rlOcMdH,Thu, 30 May 2019 12:49:32 GMT,color,color_0_3
rlOcMdH,Thu, 30 May 2019 12:49:35 GMT,missing
rlOcMdH,Thu, 30 May 2019 12:49:41 GMT,color,color_0_3
rlOcMdH,Thu, 30 May 2019 12:49:42 GMT,duplicate
rlOcMdH,Thu, 30 May 2019 12:49:51 GMT,color,color_0_1
rlOcMdH,Thu, 30 May 2019 12:49:59 GMT,color,color_0_5
rlOcMdH,Thu, 30 May 2019 12:50:05 GMT,color,color_0_8
rlOcMdH,Thu, 30 May 2019 12:50:17 GMT,color,color_0_0
rlOcMdH,Thu, 30 May 2019 12:50:20 GMT,color,color_1_0
rlOcMdH,Thu, 30 May 2019 12:50:20 GMT,duplicate
rlOcMdH,Thu, 30 May 2019 12:50:24 GMT,color,color_0_7
rlOcMdH,Thu, 30 May 2019 12:50:26 GMT,color,color_0_6
