uGhTS8t,Tue, 28 May 2019 13:31:10 GMT,color,color_1_3
uGhTS8t,Tue, 28 May 2019 13:31:26 GMT,color,color_1_5
uGhTS8t,Tue, 28 May 2019 13:31:27 GMT,color,color_2_5
uGhTS8t,Tue, 28 May 2019 13:31:29 GMT,color,color_0_5
uGhTS8t,Tue, 28 May 2019 13:31:32 GMT,color,color_1_5
uGhTS8t,Tue, 28 May 2019 13:31:37 GMT,color,color_1_2
uGhTS8t,Tue, 28 May 2019 13:31:48 GMT,color,color_1_5
uGhTS8t,Tue, 28 May 2019 13:31:50 GMT,color,color_1_2
uGhTS8t,Tue, 28 May 2019 13:32:22 GMT,color,color_3_1
uGhTS8t,Tue, 28 May 2019 13:32:45 GMT,color,color_3_8
uGhTS8t,Tue, 28 May 2019 13:33:41 GMT,color,color_2_8
uGhTS8t,Tue, 28 May 2019 13:33:50 GMT,color,color_3_4
uGhTS8t,Tue, 28 May 2019 13:33:51 GMT,color,color_2_4
uGhTS8t,Tue, 28 May 2019 13:33:52 GMT,color,color_1_4
uGhTS8t,Tue, 28 May 2019 13:33:53 GMT,color,color_0_4
uGhTS8t,Tue, 28 May 2019 13:33:57 GMT,color,color_2_8
uGhTS8t,Tue, 28 May 2019 13:34:08 GMT,color,color_2_6
uGhTS8t,Tue, 28 May 2019 13:34:17 GMT,color,color_1_0
uGhTS8t,Tue, 28 May 2019 13:34:38 GMT,revision,emobuttonconcerned
uGhTS8t,Tue, 28 May 2019 13:34:40 GMT,color,color_1_1
