XA6qbbS,Wed, 29 May 2019 21:20:40 GMT,color,color_0_7
XA6qbbS,Wed, 29 May 2019 21:20:45 GMT,color,color_0_1
XA6qbbS,Wed, 29 May 2019 21:20:53 GMT,color,color_0_7
XA6qbbS,Wed, 29 May 2019 21:20:56 GMT,color,color_1_7
XA6qbbS,Wed, 29 May 2019 21:21:03 GMT,color,color_2_5
XA6qbbS,Wed, 29 May 2019 21:21:06 GMT,color,color_2_1
XA6qbbS,Wed, 29 May 2019 21:21:08 GMT,color,color_2_7
XA6qbbS,Wed, 29 May 2019 21:21:14 GMT,color,color_2_8
XA6qbbS,Wed, 29 May 2019 21:21:17 GMT,color,color_3_8
XA6qbbS,Wed, 29 May 2019 21:21:18 GMT,color,color_2_8
XA6qbbS,Wed, 29 May 2019 21:21:24 GMT,color,color_1_6
XA6qbbS,Wed, 29 May 2019 21:21:26 GMT,color,color_2_6
XA6qbbS,Wed, 29 May 2019 21:21:28 GMT,color,color_1_6
XA6qbbS,Wed, 29 May 2019 21:21:31 GMT,color,color_1_6
XA6qbbS,Wed, 29 May 2019 21:21:32 GMT,color,color_2_6
XA6qbbS,Wed, 29 May 2019 21:21:32 GMT,color,color_1_6
XA6qbbS,Wed, 29 May 2019 21:21:34 GMT,color,color_2_6
XA6qbbS,Wed, 29 May 2019 21:21:34 GMT,color,color_1_6
XA6qbbS,Wed, 29 May 2019 21:21:37 GMT,color,color_1_8
XA6qbbS,Wed, 29 May 2019 21:21:39 GMT,color,color_1_6
XA6qbbS,Wed, 29 May 2019 21:21:40 GMT,color,color_0_6
XA6qbbS,Wed, 29 May 2019 21:21:45 GMT,color,color_0_4
XA6qbbS,Wed, 29 May 2019 21:21:47 GMT,color,color_0_8
XA6qbbS,Wed, 29 May 2019 21:21:49 GMT,color,color_1_8
XA6qbbS,Wed, 29 May 2019 21:21:50 GMT,color,color_1_6
XA6qbbS,Wed, 29 May 2019 21:21:52 GMT,color,color_0_6
XA6qbbS,Wed, 29 May 2019 21:21:59 GMT,color,color_0_5
XA6qbbS,Wed, 29 May 2019 21:22:00 GMT,color,color_1_5
XA6qbbS,Wed, 29 May 2019 21:22:01 GMT,color,color_0_5
XA6qbbS,Wed, 29 May 2019 21:22:04 GMT,color,color_0_0
XA6qbbS,Wed, 29 May 2019 21:22:05 GMT,color,color_1_0
XA6qbbS,Wed, 29 May 2019 21:22:05 GMT,color,color_0_0
XA6qbbS,Wed, 29 May 2019 21:22:15 GMT,revision,emobuttonaccept
XA6qbbS,Wed, 29 May 2019 21:22:16 GMT,color,color_1_1
XA6qbbS,Wed, 29 May 2019 21:22:24 GMT,color,color_1_2
XA6qbbS,Wed, 29 May 2019 21:22:25 GMT,color,color_1_1
XA6qbbS,Wed, 29 May 2019 21:22:37 GMT,revision,emobuttonexcited
XA6qbbS,Wed, 29 May 2019 21:22:37 GMT,color,color_1_2
XA6qbbS,Wed, 29 May 2019 21:22:42 GMT,color,color_1_1
XA6qbbS,Wed, 29 May 2019 21:22:44 GMT,color,color_0_1
XA6qbbS,Wed, 29 May 2019 21:22:45 GMT,color,color_1_2
XA6qbbS,Wed, 29 May 2019 21:22:48 GMT,color,color_0_2
XA6qbbS,Wed, 29 May 2019 21:22:49 GMT,color,color_1_2
