Z1Jsoel,Sat, 25 May 2019 19:55:32 GMT,color,color_1_3
Z1Jsoel,Sat, 25 May 2019 19:55:38 GMT,color,color_3_5
Z1Jsoel,Sat, 25 May 2019 19:55:43 GMT,color,color_2_7
Z1Jsoel,Sat, 25 May 2019 19:55:52 GMT,color,color_3_2
Z1Jsoel,Sat, 25 May 2019 19:55:56 GMT,color,color_3_8
Z1Jsoel,Sat, 25 May 2019 19:56:01 GMT,color,color_1_0
Z1Jsoel,Sat, 25 May 2019 19:56:05 GMT,color,color_2_1
Z1Jsoel,Sat, 25 May 2019 19:56:08 GMT,color,color_1_0
Z1Jsoel,Sat, 25 May 2019 19:56:10 GMT,color,color_0_0
Z1Jsoel,Sat, 25 May 2019 19:56:11 GMT,color,color_1_0
Z1Jsoel,Sat, 25 May 2019 19:56:12 GMT,duplicate
Z1Jsoel,Sat, 25 May 2019 19:56:16 GMT,color,color_0_0
Z1Jsoel,Sat, 25 May 2019 19:56:22 GMT,revision,emobuttondisapprove
Z1Jsoel,Sat, 25 May 2019 19:56:26 GMT,color,color_2_0
Z1Jsoel,Sat, 25 May 2019 19:56:27 GMT,revision,emobuttonangry
Z1Jsoel,Sat, 25 May 2019 19:56:28 GMT,color,color_1_0
