zhFRDIH,Sat, 25 May 2019 17:20:27 GMT,color,color_0_7
zhFRDIH,Sat, 25 May 2019 17:20:47 GMT,color,color_0_7
zhFRDIH,Sat, 25 May 2019 17:21:01 GMT,duplicate
zhFRDIH,Sat, 25 May 2019 17:21:05 GMT,color,color_1_7
zhFRDIH,Sat, 25 May 2019 17:22:18 GMT,color,color_1_7
zhFRDIH,Sat, 25 May 2019 17:22:27 GMT,color,color_0_3
zhFRDIH,Sat, 25 May 2019 17:22:32 GMT,color,color_1_2
zhFRDIH,Sat, 25 May 2019 17:22:35 GMT,color,color_2_8
zhFRDIH,Sat, 25 May 2019 17:22:50 GMT,color,color_0_8
zhFRDIH,Sat, 25 May 2019 17:22:53 GMT,color,color_1_0
zhFRDIH,Sat, 25 May 2019 17:22:57 GMT,color,color_0_8
zhFRDIH,Sat, 25 May 2019 17:23:06 GMT,color,color_0_2
zhFRDIH,Sat, 25 May 2019 17:23:10 GMT,color,color_1_0
